TAGALOG0,BISAYA0,CEBUANO0,ILOCANO0
TAGALOG1,BISAYA1,CEBUANO1,ILOCANO1
TAGALOG2,BISAYA2,CEBUANO2,ILOCANO2
TAGALOG3,BISAYA3,CEBUANO3,ILOCANO3
TAGALOG4,BISAYA4,CEBUANO4,ILOCANO4
TAGALOG5,BISAYA5,CEBUANO5,ILOCANO5
TAGALOG6,BISAYA6,CEBUANO6,ILOCANO6
TAGALOG7,BISAYA7,CEBUANO7,ILOCANO7
TAGALOG8,BISAYA8,CEBUANO8,ILOCANO8
TAGALOG9,BISAYA9,CEBUANO9,ILOCANO9
TAGALOG10,BISAYA10,CEBUANO10,ILOCANO10
TAGALOG11,BISAYA11,CEBUANO11,ILOCANO11
TAGALOG12,BISAYA12,CEBUANO12,ILOCANO12
TAGALOG13,BISAYA13,CEBUANO13,ILOCANO13
TAGALOG14,BISAYA14,CEBUANO14,ILOCANO14
TAGALOG15,BISAYA15,CEBUANO15,ILOCANO15
TAGALOG16,BISAYA16,CEBUANO16,ILOCANO16
TAGALOG17,BISAYA17,CEBUANO17,ILOCANO17
TAGALOG18,BISAYA18,CEBUANO18,ILOCANO18
TAGALOG19,BISAYA19,CEBUANO19,ILOCANO19
TAGALOG20,BISAYA20,CEBUANO20,ILOCANO20
TAGALOG21,BISAYA21,CEBUANO21,ILOCANO21
TAGALOG22,BISAYA22,CEBUANO22,ILOCANO22
TAGALOG23,BISAYA23,CEBUANO23,ILOCANO23
TAGALOG24,BISAYA24,CEBUANO24,ILOCANO24
TAGALOG25,BISAYA25,CEBUANO25,ILOCANO25
TAGALOG26,BISAYA26,CEBUANO26,ILOCANO26
TAGALOG27,BISAYA27,CEBUANO27,ILOCANO27
TAGALOG28,BISAYA28,CEBUANO28,ILOCANO28
TAGALOG29,BISAYA29,CEBUANO29,ILOCANO29
TAGALOG30,BISAYA30,CEBUANO30,ILOCANO30
TAGALOG31,BISAYA31,CEBUANO31,ILOCANO31
TAGALOG32,BISAYA32,CEBUANO32,ILOCANO32
TAGALOG33,BISAYA33,CEBUANO33,ILOCANO33
TAGALOG34,BISAYA34,CEBUANO34,ILOCANO34
TAGALOG35,BISAYA35,CEBUANO35,ILOCANO35
TAGALOG36,BISAYA36,CEBUANO36,ILOCANO36
TAGALOG37,BISAYA37,CEBUANO37,ILOCANO37
TAGALOG38,BISAYA38,CEBUANO38,ILOCANO38
TAGALOG39,BISAYA39,CEBUANO39,ILOCANO39
TAGALOG40,BISAYA40,CEBUANO40,ILOCANO40
TAGALOG41,BISAYA41,CEBUANO41,ILOCANO41
TAGALOG42,BISAYA42,CEBUANO42,ILOCANO42
TAGALOG43,BISAYA43,CEBUANO43,ILOCANO43
TAGALOG44,BISAYA44,CEBUANO44,ILOCANO44
TAGALOG45,BISAYA45,CEBUANO45,ILOCANO45
TAGALOG46,BISAYA46,CEBUANO46,ILOCANO46
TAGALOG47,BISAYA47,CEBUANO47,ILOCANO47
TAGALOG48,BISAYA48,CEBUANO48,ILOCANO48
TAGALOG49,BISAYA49,CEBUANO49,ILOCANO49
TAGALOG50,BISAYA50,CEBUANO50,ILOCANO50
TAGALOG51,BISAYA51,CEBUANO51,ILOCANO51
TAGALOG52,BISAYA52,CEBUANO52,ILOCANO52
TAGALOG53,BISAYA53,CEBUANO53,ILOCANO53
TAGALOG54,BISAYA54,CEBUANO54,ILOCANO54
TAGALOG55,BISAYA55,CEBUANO55,ILOCANO55
TAGALOG56,BISAYA56,CEBUANO56,ILOCANO56
TAGALOG57,BISAYA57,CEBUANO57,ILOCANO57
TAGALOG58,BISAYA58,CEBUANO58,ILOCANO58
TAGALOG59,BISAYA59,CEBUANO59,ILOCANO59
TAGALOG60,BISAYA60,CEBUANO60,ILOCANO60
TAGALOG61,BISAYA61,CEBUANO61,ILOCANO61
TAGALOG62,BISAYA62,CEBUANO62,ILOCANO62
TAGALOG63,BISAYA63,CEBUANO63,ILOCANO63
TAGALOG64,BISAYA64,CEBUANO64,ILOCANO64
TAGALOG65,BISAYA65,CEBUANO65,ILOCANO65
TAGALOG66,BISAYA66,CEBUANO66,ILOCANO66
TAGALOG67,BISAYA67,CEBUANO67,ILOCANO67
TAGALOG68,BISAYA68,CEBUANO68,ILOCANO68
TAGALOG69,BISAYA69,CEBUANO69,ILOCANO69
TAGALOG70,BISAYA70,CEBUANO70,ILOCANO70
TAGALOG71,BISAYA71,CEBUANO71,ILOCANO71
TAGALOG72,BISAYA72,CEBUANO72,ILOCANO72
TAGALOG73,BISAYA73,CEBUANO73,ILOCANO73
TAGALOG74,BISAYA74,CEBUANO74,ILOCANO74
TAGALOG75,BISAYA75,CEBUANO75,ILOCANO75
TAGALOG76,BISAYA76,CEBUANO76,ILOCANO76
TAGALOG77,BISAYA77,CEBUANO77,ILOCANO77
TAGALOG78,BISAYA78,CEBUANO78,ILOCANO78
TAGALOG79,BISAYA79,CEBUANO79,ILOCANO79
TAGALOG80,BISAYA80,CEBUANO80,ILOCANO80
TAGALOG81,BISAYA81,CEBUANO81,ILOCANO81
TAGALOG82,BISAYA82,CEBUANO82,ILOCANO82
TAGALOG83,BISAYA83,CEBUANO83,ILOCANO83
TAGALOG84,BISAYA84,CEBUANO84,ILOCANO84
TAGALOG85,BISAYA85,CEBUANO85,ILOCANO85
TAGALOG86,BISAYA86,CEBUANO86,ILOCANO86
TAGALOG87,BISAYA87,CEBUANO87,ILOCANO87
TAGALOG88,BISAYA88,CEBUANO88,ILOCANO88
TAGALOG89,BISAYA89,CEBUANO89,ILOCANO89
TAGALOG90,BISAYA90,CEBUANO90,ILOCANO90
TAGALOG91,BISAYA91,CEBUANO91,ILOCANO91
TAGALOG92,BISAYA92,CEBUANO92,ILOCANO92
TAGALOG93,BISAYA93,CEBUANO93,ILOCANO93
TAGALOG94,BISAYA94,CEBUANO94,ILOCANO94
TAGALOG95,BISAYA95,CEBUANO95,ILOCANO95
TAGALOG96,BISAYA96,CEBUANO96,ILOCANO96
TAGALOG97,BISAYA97,CEBUANO97,ILOCANO97
TAGALOG98,BISAYA98,CEBUANO98,ILOCANO98
TAGALOG99,BISAYA99,CEBUANO99,ILOCANO99
